state,county,cbsa_code,cbsa_title,cbsa_population
AK,Anchorage Municipality,11260,"Anchorage, AK",401314
AK,Fairbanks North Star Borough,21820,"Fairbanks-College, AK",94840
AK,Matanuska-Susitna Borough,11260,"Anchorage, AK",401314
AL,Autauga County,33860,"Montgomery, AL",385480
AL,Baldwin County,19300,"Daphne-Fairhope-Foley, AL",253507
AL,Bibb County,13820,"Birmingham, AL",1184290
AL,Blount County,13820,"Birmingham, AL",1184290
AL,Calhoun County,11500,"Anniston-Oxford, AL",116429
AL,Chilton County,13820,"Birmingham, AL",1184290
AL,Colbert County,22520,"Florence-Muscle Shoals, AL",155175
AL,Elmore County,33860,"Montgomery, AL",385480
AL,Etowah County,23460,"Gadsden, AL",103241
AL,Geneva County,20020,"Dothan, AL",153349
AL,Greene County,46220,"Tuscaloosa, AL",278290
AL,Hale County,46220,"Tuscaloosa, AL",278290
AL,Henry County,20020,"Dothan, AL",153349
AL,Houston County,20020,"Dothan, AL",153349
AL,Jefferson County,13820,"Birmingham, AL",1184290
AL,Lauderdale County,22520,"Florence-Muscle Shoals, AL",155175
AL,Lawrence County,19460,"Decatur, AL",158635
AL,Lee County,12220,"Auburn-Opelika, AL",201585
AL,Limestone County,26620,"Huntsville, AL",527254
AL,Lowndes County,33860,"Montgomery, AL",385480
AL,Macon County,12220,"Auburn-Opelika, AL",201585
AL,Madison County,26620,"Huntsville, AL",527254
AL,Mobile County,33660,"Mobile, AL",411640
AL,Montgomery County,33860,"Montgomery, AL",385480
AL,Morgan County,19460,"Decatur, AL",158635
AL,Pickens County,46220,"Tuscaloosa, AL",278290
AL,Russell County,17980,"Columbus, GA-AL",323768
AL,Shelby County,13820,"Birmingham, AL",1184290
AL,St. Clair County,13820,"Birmingham, AL",1184290
AL,Tuscaloosa County,46220,"Tuscaloosa, AL",278290
AL,Walker County,13820,"Birmingham, AL",1184290
AR,Benton County,22220,"Fayetteville-Springdale-Rogers, AR",590337
AR,Craighead County,27860,"Jonesboro, AR",136390
AR,Crawford County,22900,"Fort Smith, AR-OK",231280
AR,Crittenden County,32820,"Memphis, TN-MS-AR",1335674
AR,Faulkner County,30780,"Little Rock-North Little Rock-Conway, AR",764045
AR,Garland County,26300,"Hot Springs, AR",99784
AR,Grant County,30780,"Little Rock-North Little Rock-Conway, AR",764045
AR,Little River County,45500,"Texarkana, TX-AR",145907
AR,Lonoke County,30780,"Little Rock-North Little Rock-Conway, AR",764045
AR,Madison County,22220,"Fayetteville-Springdale-Rogers, AR",590337
AR,Miller County,45500,"Texarkana, TX-AR",145907
AR,Perry County,30780,"Little Rock-North Little Rock-Conway, AR",764045
AR,Poinsett County,27860,"Jonesboro, AR",136390
AR,Pulaski County,30780,"Little Rock-North Little Rock-Conway, AR",764045
AR,Saline County,30780,"Little Rock-North Little Rock-Conway, AR",764045
AR,Sebastian County,22900,"Fort Smith, AR-OK",231280
AR,Washington County,22220,"Fayetteville-Springdale-Rogers, AR",590337
AZ,Cochise County,43420,"Sierra Vista-Douglas, AZ",124640
AZ,Coconino County,22380,"Flagstaff, AZ",144472
AZ,Maricopa County,38060,"Phoenix-Mesa-Chandler, AZ",5070110
AZ,Mohave County,29420,"Lake Havasu City-Kingman, AZ",223682
AZ,Pima County,46060,"Tucson, AZ",1063162
AZ,Pinal County,38060,"Phoenix-Mesa-Chandler, AZ",5070110
AZ,Yavapai County,39150,"Prescott Valley-Prescott, AZ",249081
AZ,Yuma County,49740,"Yuma, AZ",213221
CA,Alameda County,41860,"San Francisco-Oakland-Fremont, CA",4566961
CA,Butte County,17020,"Chico, CA",207172
CA,Contra Costa County,41860,"San Francisco-Oakland-Fremont, CA",4566961
CA,El Dorado County,40900,"Sacramento-Roseville-Folsom, CA",2420608
CA,Fresno County,23420,"Fresno, CA",1180020
CA,Imperial County,20940,"El Centro, CA",179057
CA,Kern County,12540,"Bakersfield-Delano, CA",913820
CA,Kings County,25260,"Hanford-Corcoran, CA",152682
CA,Los Angeles County,31080,"Los Angeles-Long Beach-Anaheim, CA",12799100
CA,Madera County,23420,"Fresno, CA",1180020
CA,Marin County,41860,"San Francisco-Oakland-Fremont, CA",4566961
CA,Merced County,32900,"Merced, CA",291920
CA,Monterey County,41500,"Salinas, CA",430723
CA,Napa County,34900,"Napa, CA",133216
CA,Orange County,31080,"Los Angeles-Long Beach-Anaheim, CA",12799100
CA,Placer County,40900,"Sacramento-Roseville-Folsom, CA",2420608
CA,Riverside County,40140,"Riverside-San Bernardino-Ontario, CA",4688053
CA,Sacramento County,40900,"Sacramento-Roseville-Folsom, CA",2420608
CA,San Benito County,41940,"San Jose-Sunnyvale-Santa Clara, CA",1945767
CA,San Bernardino County,40140,"Riverside-San Bernardino-Ontario, CA",4688053
CA,San Diego County,41740,"San Diego-Chula Vista-Carlsbad, CA",3269973
CA,San Francisco County,41860,"San Francisco-Oakland-Fremont, CA",4566961
CA,San Joaquin County,44700,"Stockton-Lodi, CA",800965
CA,San Luis Obispo County,42020,"San Luis Obispo-Paso Robles, CA",281639
CA,San Mateo County,41860,"San Francisco-Oakland-Fremont, CA",4566961
CA,Santa Barbara County,42200,"Santa Maria-Santa Barbara, CA",441257
CA,Santa Clara County,41940,"San Jose-Sunnyvale-Santa Clara, CA",1945767
CA,Santa Cruz County,42100,"Santa Cruz-Watsonville, CA",261547
CA,Shasta County,39820,"Redding, CA",180366
CA,Solano County,46700,"Vallejo, CA",449218
CA,Sonoma County,42220,"Santa Rosa-Petaluma, CA",481812
CA,Stanislaus County,33700,"Modesto, CA",551430
CA,Sutter County,49700,"Yuba City, CA",183670
CA,Tulare County,47300,"Visalia, CA",479468
CA,Ventura County,37100,"Oxnard-Thousand Oaks-Ventura, CA",829590
CA,Yolo County,40900,"Sacramento-Roseville-Folsom, CA",2420608
CA,Yuba County,49700,"Yuba City, CA",183670
CO,Adams County,19740,"Denver-Aurora-Centennial, CO",3005131
CO,Arapahoe County,19740,"Denver-Aurora-Centennial, CO",3005131
CO,Boulder County,14500,"Boulder, CO",326831
CO,Broomfield County,19740,"Denver-Aurora-Centennial, CO",3005131
CO,Clear Creek County,19740,"Denver-Aurora-Centennial, CO",3005131
CO,Denver County,19740,"Denver-Aurora-Centennial, CO",3005131
CO,Douglas County,19740,"Denver-Aurora-Centennial, CO",3005131
CO,El Paso County,17820,"Colorado Springs, CO",768832
CO,Elbert County,19740,"Denver-Aurora-Centennial, CO",3005131
CO,Gilpin County,19740,"Denver-Aurora-Centennial, CO",3005131
CO,Jefferson County,19740,"Denver-Aurora-Centennial, CO",3005131
CO,Larimer County,22660,"Fort Collins-Loveland, CO",370771
CO,Mesa County,24300,"Grand Junction, CO",159681
CO,Park County,19740,"Denver-Aurora-Centennial, CO",3005131
CO,Pueblo County,39380,"Pueblo, CO",169422
CO,Teller County,17820,"Colorado Springs, CO",768832
CO,Weld County,24540,"Greeley, CO",359442
CT,Capitol Planning Region,25540,"Hartford-West Hartford-East Hartford, CT",1151543
CT,Greater Bridgeport Planning Region,14860,"Bridgeport-Stamford-Danbury, CT",951558
CT,Lower Connecticut River Valley Planning Region,25540,"Hartford-West Hartford-East Hartford, CT",1151543
CT,Naugatuck Valley Planning Region,47930,"Waterbury-Shelton, CT",456128
CT,South Central Connecticut Planning Region,35300,"New Haven, CT",568158
CT,Southeastern Connecticut Planning Region,35980,"Norwich-New London-Willimantic, CT",279634
CT,Western Connecticut Planning Region,14860,"Bridgeport-Stamford-Danbury, CT",951558
DC,District of Columbia,47900,"Washington-Arlington-Alexandria, DC-VA-MD-WV",6304975
DE,Kent County,20100,"Dover, DE",189789
DE,New Castle County,37980,"Philadelphia-Camden-Wilmington, PA-NJ-DE-MD",6246160
FL,Alachua County,23540,"Gainesville, FL",352126
FL,Baker County,27260,"Jacksonville, FL",1713240
FL,Bay County,37460,"Panama City-Panama City Beach, FL",216371
FL,Brevard County,37340,"Palm Bay-Melbourne-Titusville, FL",643979
FL,Broward County,33100,"Miami-Fort Lauderdale-West Palm Beach, FL",6183199
FL,Charlotte County,39460,"Punta Gorda, FL",206134
FL,Citrus County,26140,"Homosassa Springs, FL",166696
FL,Clay County,27260,"Jacksonville, FL",1713240
FL,Collier County,34940,"Naples-Marco Island, FL",404310
FL,Duval County,27260,"Jacksonville, FL",1713240
FL,Escambia County,37860,"Pensacola-Ferry Pass-Brent, FL",530090
FL,Flagler County,19660,"Deltona-Daytona Beach-Ormond Beach, FL",721796
FL,Gadsden County,45220,"Tallahassee, FL",392645
FL,Gilchrist County,23540,"Gainesville, FL",352126
FL,Hernando County,45300,"Tampa-St. Petersburg-Clearwater, FL",3342963
FL,Highlands County,42700,"Sebring, FL",107614
FL,Hillsborough County,45300,"Tampa-St. Petersburg-Clearwater, FL",3342963
FL,Indian River County,42680,"Sebastian-Vero Beach-West Vero Corridor, FL",169795
FL,Jefferson County,45220,"Tallahassee, FL",392645
FL,Lake County,36740,"Orlando-Kissimmee-Sanford, FL",2817933
FL,Lee County,15980,"Cape Coral-Fort Myers, FL",834573
FL,Leon County,45220,"Tallahassee, FL",392645
FL,Levy County,23540,"Gainesville, FL",352126
FL,Manatee County,35840,"North Port-Bradenton-Sarasota, FL",910108
FL,Marion County,36100,"Ocala, FL",409959
FL,Martin County,38940,"Port St. Lucie, FL",536901
FL,Miami-Dade County,33100,"Miami-Fort Lauderdale-West Palm Beach, FL",6183199
FL,Nassau County,27260,"Jacksonville, FL",1713240
FL,Okaloosa County,18880,"Crestview-Fort Walton Beach-Destin, FL",304818
FL,Orange County,36740,"Orlando-Kissimmee-Sanford, FL",2817933
FL,Osceola County,36740,"Orlando-Kissimmee-Sanford, FL",2817933
FL,Palm Beach County,33100,"Miami-Fort Lauderdale-West Palm Beach, FL",6183199
FL,Pasco County,45300,"Tampa-St. Petersburg-Clearwater, FL",3342963
FL,Pinellas County,45300,"Tampa-St. Petersburg-Clearwater, FL",3342963
FL,Polk County,29460,"Lakeland-Winter Haven, FL",818330
FL,Santa Rosa County,37860,"Pensacola-Ferry Pass-Brent, FL",530090
FL,Sarasota County,35840,"North Port-Bradenton-Sarasota, FL",910108
FL,Seminole County,36740,"Orlando-Kissimmee-Sanford, FL",2817933
FL,St. Johns County,27260,"Jacksonville, FL",1713240
FL,St. Lucie County,38940,"Port St. Lucie, FL",536901
FL,Sumter County,48680,"Wildwood-The Villages, FL",151565
FL,Volusia County,19660,"Deltona-Daytona Beach-Ormond Beach, FL",721796
FL,Wakulla County,45220,"Tallahassee, FL",392645
FL,Walton County,18880,"Crestview-Fort Walton Beach-Destin, FL",304818
FL,Washington County,37460,"Panama City-Panama City Beach, FL",216371
GA,Barrow County,12060,"Atlanta-Sandy Springs-Roswell, GA",6307261
GA,Bartow County,12060,"Atlanta-Sandy Springs-Roswell, GA",6307261
GA,Bibb County,31420,"Macon-Bibb County, GA",236074
GA,Brantley County,15260,"Brunswick-St. Simons, GA",116074
GA,Brooks County,46660,"Valdosta, GA",151118
GA,Bryan County,42340,"Savannah, GA",424935
GA,Burke County,12260,"Augusta-Richmond County, GA-SC",629429
GA,Butts County,12060,"Atlanta-Sandy Springs-Roswell, GA",6307261
GA,Carroll County,12060,"Atlanta-Sandy Springs-Roswell, GA",6307261
GA,Catoosa County,16860,"Chattanooga, TN-GA",580971
GA,Chatham County,42340,"Savannah, GA",424935
GA,Chattahoochee County,17980,"Columbus, GA-AL",323768
GA,Cherokee County,12060,"Atlanta-Sandy Springs-Roswell, GA",6307261
GA,Clarke County,12020,"Athens-Clarke County, GA",222060
GA,Clayton County,12060,"Atlanta-Sandy Springs-Roswell, GA",6307261
GA,Cobb County,12060,"Atlanta-Sandy Springs-Roswell, GA",6307261
GA,Columbia County,12260,"Augusta-Richmond County, GA-SC",629429
GA,Coweta County,12060,"Atlanta-Sandy Springs-Roswell, GA",6307261
GA,Crawford County,31420,"Macon-Bibb County, GA",236074
GA,Dade County,16860,"Chattanooga, TN-GA",580971
GA,Dawson County,12060,"Atlanta-Sandy Springs-Roswell, GA",6307261
GA,DeKalb County,12060,"Atlanta-Sandy Springs-Roswell, GA",6307261
GA,Dougherty County,10500,"Albany, GA",145508
GA,Douglas County,12060,"Atlanta-Sandy Springs-Roswell, GA",6307261
GA,Echols County,46660,"Valdosta, GA",151118
GA,Effingham County,42340,"Savannah, GA",424935
GA,Fayette County,12060,"Atlanta-Sandy Springs-Roswell, GA",6307261
GA,Floyd County,40660,"Rome, GA",100113
GA,Forsyth County,12060,"Atlanta-Sandy Springs-Roswell, GA",6307261
GA,Fulton County,12060,"Atlanta-Sandy Springs-Roswell, GA",6307261
GA,Glynn County,15260,"Brunswick-St. Simons, GA",116074
GA,Gwinnett County,12060,"Atlanta-Sandy Springs-Roswell, GA",6307261
GA,Hall County,23580,"Gainesville, GA",217267
GA,Haralson County,12060,"Atlanta-Sandy Springs-Roswell, GA",6307261
GA,Harris County,17980,"Columbus, GA-AL",323768
GA,Heard County,12060,"Atlanta-Sandy Springs-Roswell, GA",6307261
GA,Henry County,12060,"Atlanta-Sandy Springs-Roswell, GA",6307261
GA,Houston County,47580,"Warner Robins, GA",200779
GA,Jasper County,12060,"Atlanta-Sandy Springs-Roswell, GA",6307261
GA,Jones County,31420,"Macon-Bibb County, GA",236074
GA,Lanier County,46660,"Valdosta, GA",151118
GA,Lee County,10500,"Albany, GA",145508
GA,Liberty County,25980,"Hinesville, GA",88804
GA,Lincoln County,12260,"Augusta-Richmond County, GA-SC",629429
GA,Long County,25980,"Hinesville, GA",88804
GA,Lowndes County,46660,"Valdosta, GA",151118
GA,Lumpkin County,12060,"Atlanta-Sandy Springs-Roswell, GA",6307261
GA,Madison County,12020,"Athens-Clarke County, GA",222060
GA,Marion County,17980,"Columbus, GA-AL",323768
GA,McDuffie County,12260,"Augusta-Richmond County, GA-SC",629429
GA,McIntosh County,15260,"Brunswick-St. Simons, GA",116074
GA,Meriwether County,12060,"Atlanta-Sandy Springs-Roswell, GA",6307261
GA,Monroe County,31420,"Macon-Bibb County, GA",236074
GA,Morgan County,12060,"Atlanta-Sandy Springs-Roswell, GA",6307261
GA,Murray County,19140,"Dalton, GA",144722
GA,Muscogee County,17980,"Columbus, GA-AL",323768
GA,Newton County,12060,"Atlanta-Sandy Springs-Roswell, GA",6307261
GA,Oconee County,12020,"Athens-Clarke County, GA",222060
GA,Oglethorpe County,12020,"Athens-Clarke County, GA",222060
GA,Paulding County,12060,"Atlanta-Sandy Springs-Roswell, GA",6307261
GA,Peach County,47580,"Warner Robins, GA",200779
GA,Pickens County,12060,"Atlanta-Sandy Springs-Roswell, GA",6307261
GA,Pike County,12060,"Atlanta-Sandy Springs-Roswell, GA",6307261
GA,Richmond County,12260,"Augusta-Richmond County, GA-SC",629429
GA,Rockdale County,12060,"Atlanta-Sandy Springs-Roswell, GA",6307261
GA,Spalding County,12060,"Atlanta-Sandy Springs-Roswell, GA",6307261
GA,Stewart County,17980,"Columbus, GA-AL",323768
GA,Talbot County,17980,"Columbus, GA-AL",323768
GA,Terrell County,10500,"Albany, GA",145508
GA,Twiggs County,31420,"Macon-Bibb County, GA",236074
GA,Walker County,16860,"Chattanooga, TN-GA",580971
GA,Walton County,12060,"Atlanta-Sandy Springs-Roswell, GA",6307261
GA,Whitfield County,19140,"Dalton, GA",144722
GA,Worth County,10500,"Albany, GA",145508
HI,Honolulu County,46520,"Urban Honolulu, HI",989408
HI,Kalawao County,27980,"Kahului-Wailuku, HI",164264
HI,Maui County,27980,"Kahului-Wailuku, HI",164264
IA,Benton County,16300,"Cedar Rapids, IA",275668
IA,Black Hawk County,47940,"Waterloo-Cedar Falls, IA",168162
IA,Boone County,11180,"Ames, IA",125156
IA,Bremer County,47940,"Waterloo-Cedar Falls, IA",168162
IA,Dallas County,19780,"Des Moines-West Des Moines, IA",737164
IA,Dubuque County,20220,"Dubuque, IA",98887
IA,Grundy County,47940,"Waterloo-Cedar Falls, IA",168162
IA,Guthrie County,19780,"Des Moines-West Des Moines, IA",737164
IA,Harrison County,36540,"Omaha, NE-IA",983969
IA,Jasper County,19780,"Des Moines-West Des Moines, IA",737164
IA,Johnson County,26980,"Iowa City, IA",180088
IA,Jones County,16300,"Cedar Rapids, IA",275668
IA,Linn County,16300,"Cedar Rapids, IA",275668
IA,Madison County,19780,"Des Moines-West Des Moines, IA",737164
IA,Mills County,36540,"Omaha, NE-IA",983969
IA,Polk County,19780,"Des Moines-West Des Moines, IA",737164
IA,Pottawattamie County,36540,"Omaha, NE-IA",983969
IA,Scott County,19340,"Davenport-Moline-Rock Island, IA-IL",379441
IA,Story County,11180,"Ames, IA",125156
IA,Warren County,19780,"Des Moines-West Des Moines, IA",737164
IA,Washington County,26980,"Iowa City, IA",180088
IA,Woodbury County,43580,"Sioux City, IA-NE-SD",144402
ID,Ada County,14260,"Boise City, ID",824657
ID,Bannock County,38540,"Pocatello, ID",90400
ID,Boise County,14260,"Boise City, ID",824657
ID,Bonneville County,26820,"Idaho Falls, ID",168322
ID,Butte County,26820,"Idaho Falls, ID",168322
ID,Canyon County,14260,"Boise City, ID",824657
ID,Franklin County,30860,"Logan, UT-ID",157887
ID,Gem County,14260,"Boise City, ID",824657
ID,Jefferson County,26820,"Idaho Falls, ID",168322
ID,Jerome County,46300,"Twin Falls, ID",120635
ID,Kootenai County,17660,"Coeur d'Alene, ID",185010
ID,Nez Perce County,30300,"Lewiston, ID-WA",65536
ID,Owyhee County,14260,"Boise City, ID",824657
ID,Twin Falls County,46300,"Twin Falls, ID",120635
IL,Alexander County,16020,"Cape Girardeau, MO-IL",98223
IL,Bond County,41180,"St. Louis, MO-IL",2796999
IL,Boone County,40420,"Rockford, IL",334124
IL,Calhoun County,41180,"St. Louis, MO-IL",2796999
IL,Champaign County,16580,"Champaign-Urbana, IL",235608
IL,Clinton County,41180,"St. Louis, MO-IL",2796999
IL,Cook County,16980,"Chicago-Naperville-Elgin, IL-IN",9262825
IL,DeKalb County,16980,"Chicago-Naperville-Elgin, IL-IN",9262825
IL,DuPage County,16980,"Chicago-Naperville-Elgin, IL-IN",9262825
IL,Ford County,16580,"Champaign-Urbana, IL",235608
IL,Grundy County,16980,"Chicago-Naperville-Elgin, IL-IN",9262825
IL,Henry County,19340,"Davenport-Moline-Rock Island, IA-IL",379441
IL,Jersey County,41180,"St. Louis, MO-IL",2796999
IL,Kane County,16980,"Chicago-Naperville-Elgin, IL-IN",9262825
IL,Kankakee County,28100,"Kankakee, IL",105940
IL,Kendall County,16980,"Chicago-Naperville-Elgin, IL-IN",9262825
IL,Lake County,16980,"Chicago-Naperville-Elgin, IL-IN",9262825
IL,Macon County,19500,"Decatur, IL",100591
IL,Macoupin County,41180,"St. Louis, MO-IL",2796999
IL,Madison County,41180,"St. Louis, MO-IL",2796999
IL,Marshall County,37900,"Peoria, IL",362240
IL,Massac County,37140,"Paducah, KY-IL",102267
IL,McHenry County,16980,"Chicago-Naperville-Elgin, IL-IN",9262825
IL,McLean County,14010,"Bloomington, IL",170441
IL,Menard County,44100,"Springfield, IL",205445
IL,Mercer County,19340,"Davenport-Moline-Rock Island, IA-IL",379441
IL,Monroe County,41180,"St. Louis, MO-IL",2796999
IL,Peoria County,37900,"Peoria, IL",362240
IL,Piatt County,16580,"Champaign-Urbana, IL",235608
IL,Rock Island County,19340,"Davenport-Moline-Rock Island, IA-IL",379441
IL,Sangamon County,44100,"Springfield, IL",205445
IL,St. Clair County,41180,"St. Louis, MO-IL",2796999
IL,Stark County,37900,"Peoria, IL",362240
IL,Tazewell County,37900,"Peoria, IL",362240
IL,Will County,16980,"Chicago-Naperville-Elgin, IL-IN",9262825
IL,Winnebago County,40420,"Rockford, IL",334124
IL,Woodford County,37900,"Peoria, IL",362240
IN,Allen County,23060,"Fort Wayne, IN",457842
IN,Bartholomew County,18020,"Columbus, IN",84003
IN,Benton County,29200,"Lafayette-West Lafayette, IN",226564
IN,Boone County,26900,"Indianapolis-Carmel-Greenwood, IN",2138468
IN,Brown County,26900,"Indianapolis-Carmel-Greenwood, IN",2138468
IN,Carroll County,29200,"Lafayette-West Lafayette, IN",226564
IN,Clark County,31140,"Louisville/Jefferson County, KY-IN",1365557
IN,Clay County,45460,"Terre Haute, IN",168787
IN,Dearborn County,17140,"Cincinnati, OH-KY-IN",2271479
IN,Delaware County,34620,"Muncie, IN",112321
IN,Elkhart County,21140,"Elkhart-Goshen, IN",206409
IN,Floyd County,31140,"Louisville/Jefferson County, KY-IN",1365557
IN,Franklin County,17140,"Cincinnati, OH-KY-IN",2271479
IN,Hamilton County,26900,"Indianapolis-Carmel-Greenwood, IN",2138468
IN,Hancock County,26900,"Indianapolis-Carmel-Greenwood, IN",2138468
IN,Harrison County,31140,"Louisville/Jefferson County, KY-IN",1365557
IN,Hendricks County,26900,"Indianapolis-Carmel-Greenwood, IN",2138468
IN,Howard County,29020,"Kokomo, IN",83831
IN,Jasper County,16980,"Chicago-Naperville-Elgin, IL-IN",9262825
IN,Johnson County,26900,"Indianapolis-Carmel-Greenwood, IN",2138468
IN,LaPorte County,33140,"Michigan City-La Porte, IN",111706
IN,Lake County,16980,"Chicago-Naperville-Elgin, IL-IN",9262825
IN,Madison County,26900,"Indianapolis-Carmel-Greenwood, IN",2138468
IN,Marion County,26900,"Indianapolis-Carmel-Greenwood, IN",2138468
IN,Monroe County,14020,"Bloomington, IN",160874
IN,Morgan County,26900,"Indianapolis-Carmel-Greenwood, IN",2138468
IN,Newton County,16980,"Chicago-Naperville-Elgin, IL-IN",9262825
IN,Ohio County,17140,"Cincinnati, OH-KY-IN",2271479
IN,Owen County,14020,"Bloomington, IN",160874
IN,Porter County,16980,"Chicago-Naperville-Elgin, IL-IN",9262825
IN,Posey County,21780,"Evansville, IN",270717
IN,Shelby County,26900,"Indianapolis-Carmel-Greenwood, IN",2138468
IN,St. Joseph County,43780,"South Bend-Mishawaka, IN-MI",324490
IN,Sullivan County,45460,"Terre Haute, IN",168787
IN,Tippecanoe County,29200,"Lafayette-West Lafayette, IN",226564
IN,Tipton County,26900,"Indianapolis-Carmel-Greenwood, IN",2138468
IN,Vanderburgh County,21780,"Evansville, IN",270717
IN,Vermillion County,45460,"Terre Haute, IN",168787
IN,Vigo County,45460,"Terre Haute, IN",168787
IN,Warren County,29200,"Lafayette-West Lafayette, IN",226564
IN,Warrick County,21780,"Evansville, IN",270717
IN,Washington County,31140,"Louisville/Jefferson County, KY-IN",1365557
IN,Wells County,23060,"Fort Wayne, IN",457842
IN,Whitley County,23060,"Fort Wayne, IN",457842
KS,Butler County,48620,"Wichita, KS",652939
KS,Cherokee County,27900,"Joplin, MO-KS",204787
KS,Doniphan County,41140,"St. Joseph, MO-KS",118475
KS,Douglas County,29940,"Lawrence, KS",120553
KS,Geary County,31740,"Manhattan, KS",132831
KS,Harvey County,48620,"Wichita, KS",652939
KS,Jackson County,45820,"Topeka, KS",232322
KS,Jefferson County,45820,"Topeka, KS",232322
KS,Johnson County,28140,"Kansas City, MO-KS",2221343
KS,Leavenworth County,28140,"Kansas City, MO-KS",2221343
KS,Linn County,28140,"Kansas City, MO-KS",2221343
KS,Miami County,28140,"Kansas City, MO-KS",2221343
KS,Osage County,45820,"Topeka, KS",232322
KS,Pottawatomie County,31740,"Manhattan, KS",132831
KS,Riley County,31740,"Manhattan, KS",132831
KS,Sedgwick County,48620,"Wichita, KS",652939
KS,Shawnee County,45820,"Topeka, KS",232322
KS,Sumner County,48620,"Wichita, KS",652939
KS,Wabaunsee County,45820,"Topeka, KS",232322
KS,Wyandotte County,28140,"Kansas City, MO-KS",2221343
KY,Allen County,14540,"Bowling Green, KY",188840
KY,Ballard County,37140,"Paducah, KY-IL",102267
KY,Boone County,17140,"Cincinnati, OH-KY-IN",2271479
KY,Bourbon County,30460,"Lexington-Fayette, KY",520045
KY,Boyd County,26580,"Huntington-Ashland, WV-KY-OH",368261
KY,Bracken County,17140,"Cincinnati, OH-KY-IN",2271479
KY,Bullitt County,31140,"Louisville/Jefferson County, KY-IN",1365557
KY,Butler County,14540,"Bowling Green, KY",188840
KY,Campbell County,17140,"Cincinnati, OH-KY-IN",2271479
KY,Carlisle County,37140,"Paducah, KY-IL",102267
KY,Carter County,26580,"Huntington-Ashland, WV-KY-OH",368261
KY,Christian County,17300,"Clarksville, TN-KY",340495
KY,Clark County,30460,"Lexington-Fayette, KY",520045
KY,Daviess County,36980,"Owensboro, KY",112512
KY,Edmonson County,14540,"Bowling Green, KY",188840
KY,Fayette County,30460,"Lexington-Fayette, KY",520045
KY,Gallatin County,17140,"Cincinnati, OH-KY-IN",2271479
KY,Grant County,17140,"Cincinnati, OH-KY-IN",2271479
KY,Greenup County,26580,"Huntington-Ashland, WV-KY-OH",368261
KY,Hardin County,21060,"Elizabethtown, KY",127576
KY,Henry County,31140,"Louisville/Jefferson County, KY-IN",1365557
KY,Jefferson County,31140,"Louisville/Jefferson County, KY-IN",1365557
KY,Jessamine County,30460,"Lexington-Fayette, KY",520045
KY,Kenton County,17140,"Cincinnati, OH-KY-IN",2271479
KY,Larue County,21060,"Elizabethtown, KY",127576
KY,Lawrence County,26580,"Huntington-Ashland, WV-KY-OH",368261
KY,Livingston County,37140,"Paducah, KY-IL",102267
KY,McCracken County,37140,"Paducah, KY-IL",102267
KY,McLean County,36980,"Owensboro, KY",112512
KY,Meade County,31140,"Louisville/Jefferson County, KY-IN",1365557
KY,Nelson County,31140,"Louisville/Jefferson County, KY-IN",1365557
KY,Oldham County,31140,"Louisville/Jefferson County, KY-IN",1365557
KY,Pendleton County,17140,"Cincinnati, OH-KY-IN",2271479
KY,Scott County,30460,"Lexington-Fayette, KY",520045
KY,Shelby County,31140,"Louisville/Jefferson County, KY-IN",1365557
KY,Spencer County,31140,"Louisville/Jefferson County, KY-IN",1365557
KY,Trigg County,17300,"Clarksville, TN-KY",340495
KY,Warren County,14540,"Bowling Green, KY",188840
KY,Woodford County,30460,"Lexington-Fayette, KY",520045
LA,Acadia Parish,29180,"Lafayette, LA",414288
LA,Ascension Parish,12940,"Baton Rouge, LA",873661
LA,Assumption Parish,12940,"Baton Rouge, LA",873661
LA,Bossier Parish,43340,"Shreveport-Bossier City, LA",383295
LA,Caddo Parish,43340,"Shreveport-Bossier City, LA",383295
LA,Calcasieu Parish,29340,"Lake Charles, LA",240082
LA,Cameron Parish,29340,"Lake Charles, LA",240082
LA,De Soto Parish,43340,"Shreveport-Bossier City, LA",383295
LA,East Baton Rouge Parish,12940,"Baton Rouge, LA",873661
LA,East Feliciana Parish,12940,"Baton Rouge, LA",873661
LA,Grant Parish,10780,"Alexandria, LA",148171
LA,Iberville Parish,12940,"Baton Rouge, LA",873661
LA,Jefferson Davis Parish,29340,"Lake Charles, LA",240082
LA,Jefferson Parish,35380,"New Orleans-Metairie, LA",962165
LA,Lafayette Parish,29180,"Lafayette, LA",414288
LA,Lafourche Parish,26380,"Houma-Bayou Cane-Thibodaux, LA",198672
LA,Livingston Parish,12940,"Baton Rouge, LA",873661
LA,Morehouse Parish,33740,"Monroe, LA",221885
LA,Orleans Parish,35380,"New Orleans-Metairie, LA",962165
LA,Ouachita Parish,33740,"Monroe, LA",221885
LA,Plaquemines Parish,35380,"New Orleans-Metairie, LA",962165
LA,Pointe Coupee Parish,12940,"Baton Rouge, LA",873661
LA,Rapides Parish,10780,"Alexandria, LA",148171
LA,Richland Parish,33740,"Monroe, LA",221885
LA,St. Bernard Parish,35380,"New Orleans-Metairie, LA",962165
LA,St. Charles Parish,35380,"New Orleans-Metairie, LA",962165
LA,St. Helena Parish,12940,"Baton Rouge, LA",873661
LA,St. James Parish,35380,"New Orleans-Metairie, LA",962165
LA,St. John the Baptist Parish,35380,"New Orleans-Metairie, LA",962165
LA,St. Martin Parish,29180,"Lafayette, LA",414288
LA,St. Tammany Parish,43640,"Slidell-Mandeville-Covington, LA",275583
LA,Tangipahoa Parish,25220,"Hammond, LA",138064
LA,Terrebonne Parish,26380,"Houma-Bayou Cane-Thibodaux, LA",198672
LA,Union Parish,33740,"Monroe, LA",221885
LA,Vermilion Parish,29180,"Lafayette, LA",414288
LA,West Baton Rouge Parish,12940,"Baton Rouge, LA",873661
LA,West Feliciana Parish,12940,"Baton Rouge, LA",873661
MA,Barnstable County,12700,"Barnstable Town, MA",231735
MA,Berkshire County,38340,"Pittsfield, MA",126818
MA,Bristol County,39300,"Providence-Warwick, RI-MA",1677803
MA,Essex County,14460,"Boston-Cambridge-Newton, MA-NH",4919179
MA,Hampden County,44140,"Springfield, MA",460291
MA,Hampshire County,11200,"Amherst Town-Northampton, MA",162502
MA,Middlesex County,14460,"Boston-Cambridge-Newton, MA-NH",4919179
MA,Norfolk County,14460,"Boston-Cambridge-Newton, MA-NH",4919179
MA,Plymouth County,14460,"Boston-Cambridge-Newton, MA-NH",4919179
MA,Suffolk County,14460,"Boston-Cambridge-Newton, MA-NH",4919179
MA,Worcester County,49340,"Worcester, MA",866866
MD,Anne Arundel County,12580,"Baltimore-Columbia-Towson, MD",2834316
MD,Baltimore County,12580,"Baltimore-Columbia-Towson, MD",2834316
MD,Baltimore city,12580,"Baltimore-Columbia-Towson, MD",2834316
MD,Calvert County,30500,"Lexington Park, MD",210009
MD,Carroll County,12580,"Baltimore-Columbia-Towson, MD",2834316
MD,Cecil County,37980,"Philadelphia-Camden-Wilmington, PA-NJ-DE-MD",6246160
MD,Charles County,47900,"Washington-Arlington-Alexandria, DC-VA-MD-WV",6304975
MD,Frederick County,47900,"Washington-Arlington-Alexandria, DC-VA-MD-WV",6304975
MD,Harford County,12580,"Baltimore-Columbia-Towson, MD",2834316
MD,Howard County,12580,"Baltimore-Columbia-Towson, MD",2834316
MD,Montgomery County,47900,"Washington-Arlington-Alexandria, DC-VA-MD-WV",6304975
MD,Prince George's County,47900,"Washington-Arlington-Alexandria, DC-VA-MD-WV",6304975
MD,Queen Anne's County,12580,"Baltimore-Columbia-Towson, MD",2834316
MD,Somerset County,41540,"Salisbury, MD",129710
MD,St. Mary's County,30500,"Lexington Park, MD",210009
MD,Washington County,25180,"Hagerstown-Martinsburg, MD-WV",305902
MD,Wicomico County,41540,"Salisbury, MD",129710
ME,Androscoggin County,30340,"Lewiston-Auburn, ME",113765
ME,Cumberland County,38860,"Portland-South Portland, ME",566329
ME,Penobscot County,12620,"Bangor, ME",155312
ME,Sagadahoc County,38860,"Portland-South Portland, ME",566329
ME,York County,38860,"Portland-South Portland, ME",566329
MI,Barry County,24340,"Grand Rapids-Wyoming-Kentwood, MI",1162950
MI,Bay County,13020,"Bay City, MI",102500
MI,Benzie County,45900,"Traverse City, MI",156371
MI,Berrien County,35660,"Niles, MI",152261
MI,Calhoun County,12980,"Battle Creek, MI",133366
MI,Cass County,43780,"South Bend-Mishawaka, IN-MI",324490
MI,Clinton County,29620,"Lansing-East Lansing, MI",473177
MI,Eaton County,29620,"Lansing-East Lansing, MI",473177
MI,Genesee County,22420,"Flint, MI",401522
MI,Grand Traverse County,45900,"Traverse City, MI",156371
MI,Ingham County,29620,"Lansing-East Lansing, MI",473177
MI,Ionia County,24340,"Grand Rapids-Wyoming-Kentwood, MI",1162950
MI,Jackson County,27100,"Jackson, MI",159424
MI,Kalamazoo County,28020,"Kalamazoo-Portage, MI",262215
MI,Kalkaska County,45900,"Traverse City, MI",156371
MI,Kent County,24340,"Grand Rapids-Wyoming-Kentwood, MI",1162950
MI,Lapeer County,19820,"Detroit-Warren-Dearborn, MI",4342304
MI,Leelanau County,45900,"Traverse City, MI",156371
MI,Livingston County,19820,"Detroit-Warren-Dearborn, MI",4342304
MI,Macomb County,19820,"Detroit-Warren-Dearborn, MI",4342304
MI,Midland County,33220,"Midland, MI",84039
MI,Monroe County,33780,"Monroe, MI",155045
MI,Montcalm County,24340,"Grand Rapids-Wyoming-Kentwood, MI",1162950
MI,Muskegon County,34740,"Muskegon-Norton Shores, MI",176564
MI,Oakland County,19820,"Detroit-Warren-Dearborn, MI",4342304
MI,Ottawa County,24340,"Grand Rapids-Wyoming-Kentwood, MI",1162950
MI,Saginaw County,40980,"Saginaw, MI",187782
MI,St. Clair County,19820,"Detroit-Warren-Dearborn, MI",4342304
MI,Washtenaw County,11460,"Ann Arbor, MI",365536
MI,Wayne County,19820,"Detroit-Warren-Dearborn, MI",4342304
MN,Anoka County,33460,"Minneapolis-St. Paul-Bloomington, MN-WI",3712020
MN,Benton County,41060,"St. Cloud, MN",202577
MN,Blue Earth County,31860,"Mankato, MN",104248
MN,Carlton County,20260,"Duluth, MN-WI",281603
MN,Carver County,33460,"Minneapolis-St. Paul-Bloomington, MN-WI",3712020
MN,Chisago County,33460,"Minneapolis-St. Paul-Bloomington, MN-WI",3712020
MN,Clay County,22020,"Fargo, ND-MN",262620
MN,Dakota County,33460,"Minneapolis-St. Paul-Bloomington, MN-WI",3712020
MN,Dodge County,40340,"Rochester, MN",229077
MN,Fillmore County,40340,"Rochester, MN",229077
MN,Hennepin County,33460,"Minneapolis-St. Paul-Bloomington, MN-WI",3712020
MN,Houston County,29100,"La Crosse-Onalaska, WI-MN",170238
MN,Isanti County,33460,"Minneapolis-St. Paul-Bloomington, MN-WI",3712020
MN,Le Sueur County,33460,"Minneapolis-St. Paul-Bloomington, MN-WI",3712020
MN,Mille Lacs County,33460,"Minneapolis-St. Paul-Bloomington, MN-WI",3712020
MN,Nicollet County,31860,"Mankato, MN",104248
MN,Olmsted County,40340,"Rochester, MN",229077
MN,Polk County,24220,"Grand Forks, ND-MN",103120
MN,Ramsey County,33460,"Minneapolis-St. Paul-Bloomington, MN-WI",3712020
MN,Rock County,43620,"Sioux Falls, SD-MN",304555
MN,Scott County,33460,"Minneapolis-St. Paul-Bloomington, MN-WI",3712020
MN,Sherburne County,33460,"Minneapolis-St. Paul-Bloomington, MN-WI",3712020
MN,St. Louis County,20260,"Duluth, MN-WI",281603
MN,Stearns County,41060,"St. Cloud, MN",202577
MN,Wabasha County,40340,"Rochester, MN",229077
MN,Washington County,33460,"Minneapolis-St. Paul-Bloomington, MN-WI",3712020
MN,Wright County,33460,"Minneapolis-St. Paul-Bloomington, MN-WI",3712020
MO,Andrew County,41140,"St. Joseph, MO-KS",118475
MO,Bates County,28140,"Kansas City, MO-KS",2221343
MO,Bollinger County,16020,"Cape Girardeau, MO-IL",98223
MO,Boone County,17860,"Columbia, MO",216511
MO,Buchanan County,41140,"St. Joseph, MO-KS",118475
MO,Caldwell County,28140,"Kansas City, MO-KS",2221343
MO,Callaway County,27620,"Jefferson City, MO",150733
MO,Cape Girardeau County,16020,"Cape Girardeau, MO-IL",98223
MO,Cass County,28140,"Kansas City, MO-KS",2221343
MO,Christian County,44180,"Springfield, MO",491053
MO,Clay County,28140,"Kansas City, MO-KS",2221343
MO,Clinton County,28140,"Kansas City, MO-KS",2221343
MO,Cole County,27620,"Jefferson City, MO",150733
MO,Cooper County,17860,"Columbia, MO",216511
MO,Dallas County,44180,"Springfield, MO",491053
MO,DeKalb County,41140,"St. Joseph, MO-KS",118475
MO,Franklin County,41180,"St. Louis, MO-IL",2796999
MO,Greene County,44180,"Springfield, MO",491053
MO,Howard County,17860,"Columbia, MO",216511
MO,Jackson County,28140,"Kansas City, MO-KS",2221343
MO,Jasper County,27900,"Joplin, MO-KS",204787
MO,Jefferson County,41180,"St. Louis, MO-IL",2796999
MO,Lafayette County,28140,"Kansas City, MO-KS",2221343
MO,Lincoln County,41180,"St. Louis, MO-IL",2796999
MO,Moniteau County,27620,"Jefferson City, MO",150733
MO,Newton County,27900,"Joplin, MO-KS",204787
MO,Osage County,27620,"Jefferson City, MO",150733
MO,Platte County,28140,"Kansas City, MO-KS",2221343
MO,Polk County,44180,"Springfield, MO",491053
MO,Ray County,28140,"Kansas City, MO-KS",2221343
MO,St. Charles County,41180,"St. Louis, MO-IL",2796999
MO,St. Louis County,41180,"St. Louis, MO-IL",2796999
MO,St. Louis city,41180,"St. Louis, MO-IL",2796999
MO,Warren County,41180,"St. Louis, MO-IL",2796999
MO,Webster County,44180,"Springfield, MO",491053
MS,Benton County,32820,"Memphis, TN-MS-AR",1335674
MS,Copiah County,27140,"Jackson, MS",610257
MS,DeSoto County,32820,"Memphis, TN-MS-AR",1335674
MS,Forrest County,25620,"Hattiesburg, MS",155740
MS,Hancock County,25060,"Gulfport-Biloxi, MS",421916
MS,Harrison County,25060,"Gulfport-Biloxi, MS",421916
MS,Hinds County,27140,"Jackson, MS",610257
MS,Holmes County,27140,"Jackson, MS",610257
MS,Jackson County,25060,"Gulfport-Biloxi, MS",421916
MS,Lamar County,25620,"Hattiesburg, MS",155740
MS,Madison County,27140,"Jackson, MS",610257
MS,Marshall County,32820,"Memphis, TN-MS-AR",1335674
MS,Perry County,25620,"Hattiesburg, MS",155740
MS,Rankin County,27140,"Jackson, MS",610257
MS,Scott County,27140,"Jackson, MS",610257
MS,Simpson County,27140,"Jackson, MS",610257
MS,Stone County,25060,"Gulfport-Biloxi, MS",421916
MS,Tate County,32820,"Memphis, TN-MS-AR",1335674
MS,Tunica County,32820,"Memphis, TN-MS-AR",1335674
MS,Yazoo County,27140,"Jackson, MS",610257
MT,Broadwater County,25740,"Helena, MT",96091
MT,Carbon County,13740,"Billings, MT",191435
MT,Cascade County,24500,"Great Falls, MT",84900
MT,Gallatin County,14580,"Bozeman, MT",126409
MT,Jefferson County,25740,"Helena, MT",96091
MT,Lewis and Clark County,25740,"Helena, MT",96091
MT,Mineral County,33540,"Missoula, MT",126939
MT,Missoula County,33540,"Missoula, MT",126939
MT,Stillwater County,13740,"Billings, MT",191435
MT,Yellowstone County,13740,"Billings, MT",191435
NC,Alamance County,15500,"Burlington, NC",179165
NC,Alexander County,25860,"Hickory-Lenoir-Morganton, NC",370030
NC,Anson County,16740,"Charlotte-Concord-Gastonia, NC-SC",2805115
NC,Brunswick County,48900,"Wilmington, NC",467337
NC,Buncombe County,11700,"Asheville, NC",417202
NC,Burke County,25860,"Hickory-Lenoir-Morganton, NC",370030
NC,Cabarrus County,16740,"Charlotte-Concord-Gastonia, NC-SC",2805115
NC,Caldwell County,25860,"Hickory-Lenoir-Morganton, NC",370030
NC,Camden County,47260,"Virginia Beach-Chesapeake-Norfolk, VA-NC",1787169
NC,Catawba County,25860,"Hickory-Lenoir-Morganton, NC",370030
NC,Chatham County,20500,"Durham-Chapel Hill, NC",608879
NC,Cumberland County,22180,"Fayetteville, NC",392336
NC,Currituck County,47260,"Virginia Beach-Chesapeake-Norfolk, VA-NC",1787169
NC,Davidson County,49180,"Winston-Salem, NC",695630
NC,Davie County,49180,"Winston-Salem, NC",695630
NC,Durham County,20500,"Durham-Chapel Hill, NC",608879
NC,Edgecombe County,40580,"Rocky Mount, NC",145383
NC,Forsyth County,49180,"Winston-Salem, NC",695630
NC,Franklin County,39580,"Raleigh-Cary, NC",1509231
NC,Gaston County,16740,"Charlotte-Concord-Gastonia, NC-SC",2805115
NC,Gates County,47260,"Virginia Beach-Chesapeake-Norfolk, VA-NC",1787169
NC,Guilford County,24660,"Greensboro-High Point, NC",789842
NC,Henderson County,11700,"Asheville, NC",417202
NC,Hoke County,22180,"Fayetteville, NC",392336
NC,Iredell County,16740,"Charlotte-Concord-Gastonia, NC-SC",2805115
NC,Johnston County,39580,"Raleigh-Cary, NC",1509231
NC,Lincoln County,16740,"Charlotte-Concord-Gastonia, NC-SC",2805115
NC,Madison County,11700,"Asheville, NC",417202
NC,Mecklenburg County,16740,"Charlotte-Concord-Gastonia, NC-SC",2805115
NC,Moore County,38240,"Pinehurst-Southern Pines, NC",106898
NC,Nash County,40580,"Rocky Mount, NC",145383
NC,New Hanover County,48900,"Wilmington, NC",467337
NC,Onslow County,27340,"Jacksonville, NC",213676
NC,Orange County,20500,"Durham-Chapel Hill, NC",608879
NC,Pender County,48900,"Wilmington, NC",467337
NC,Person County,20500,"Durham-Chapel Hill, NC",608879
NC,Pitt County,24780,"Greenville, NC",175119
NC,Randolph County,24660,"Greensboro-High Point, NC",789842
NC,Rockingham County,24660,"Greensboro-High Point, NC",789842
NC,Rowan County,16740,"Charlotte-Concord-Gastonia, NC-SC",2805115
NC,Stokes County,49180,"Winston-Salem, NC",695630
NC,Union County,16740,"Charlotte-Concord-Gastonia, NC-SC",2805115
NC,Wake County,39580,"Raleigh-Cary, NC",1509231
NC,Wayne County,24140,"Goldsboro, NC",118686
NC,Yadkin County,49180,"Winston-Salem, NC",695630
ND,Burleigh County,13900,"Bismarck, ND",135786
ND,Cass County,22020,"Fargo, ND-MN",262620
ND,Grand Forks County,24220,"Grand Forks, ND-MN",103120
ND,McHenry County,33500,"Minot, ND",75742
ND,Morton County,13900,"Bismarck, ND",135786
ND,Oliver County,13900,"Bismarck, ND",135786
ND,Renville County,33500,"Minot, ND",75742
ND,Ward County,33500,"Minot, ND",75742
NE,Cass County,36540,"Omaha, NE-IA",983969
NE,Dakota County,43580,"Sioux City, IA-NE-SD",144402
NE,Douglas County,36540,"Omaha, NE-IA",983969
NE,Hall County,24260,"Grand Island, NE",76479
NE,Howard County,24260,"Grand Island, NE",76479
NE,Lancaster County,30700,"Lincoln, NE",344387
NE,Merrick County,24260,"Grand Island, NE",76479
NE,Sarpy County,36540,"Omaha, NE-IA",983969
NE,Saunders County,36540,"Omaha, NE-IA",983969
NE,Seward County,30700,"Lincoln, NE",344387
NE,Washington County,36540,"Omaha, NE-IA",983969
NH,Hillsborough County,31700,"Manchester-Nashua, NH",427354
NH,Rockingham County,14460,"Boston-Cambridge-Newton, MA-NH",4919179
NH,Strafford County,14460,"Boston-Cambridge-Newton, MA-NH",4919179
NJ,Atlantic County,12100,"Atlantic City-Hammonton, NJ",369823
NJ,Bergen County,35620,"New York-Newark-Jersey City, NY-NJ",19498249
NJ,Burlington County,37980,"Philadelphia-Camden-Wilmington, PA-NJ-DE-MD",6246160
NJ,Camden County,37980,"Philadelphia-Camden-Wilmington, PA-NJ-DE-MD",6246160
NJ,Cape May County,12100,"Atlantic City-Hammonton, NJ",369823
NJ,Cumberland County,47220,"Vineland, NJ",152326
NJ,Essex County,35620,"New York-Newark-Jersey City, NY-NJ",19498249
NJ,Gloucester County,37980,"Philadelphia-Camden-Wilmington, PA-NJ-DE-MD",6246160
NJ,Hudson County,35620,"New York-Newark-Jersey City, NY-NJ",19498249
NJ,Hunterdon County,35620,"New York-Newark-Jersey City, NY-NJ",19498249
NJ,Mercer County,45940,"Trenton-Princeton, NJ",381671
NJ,Middlesex County,35620,"New York-Newark-Jersey City, NY-NJ",19498249
NJ,Monmouth County,35620,"New York-Newark-Jersey City, NY-NJ",19498249
NJ,Morris County,35620,"New York-Newark-Jersey City, NY-NJ",19498249
NJ,Ocean County,35620,"New York-Newark-Jersey City, NY-NJ",19498249
NJ,Passaic County,35620,"New York-Newark-Jersey City, NY-NJ",19498249
NJ,Salem County,37980,"Philadelphia-Camden-Wilmington, PA-NJ-DE-MD",6246160
NJ,Somerset County,35620,"New York-Newark-Jersey City, NY-NJ",19498249
NJ,Sussex County,35620,"New York-Newark-Jersey City, NY-NJ",19498249
NJ,Union County,35620,"New York-Newark-Jersey City, NY-NJ",19498249
NJ,Warren County,10900,"Allentown-Bethlehem-Easton, PA-NJ",873555
NM,Bernalillo County,10740,"Albuquerque, NM",922296
NM,Doña Ana County,29740,"Las Cruces, NM",225210
NM,San Juan County,22140,"Farmington, NM",120675
NM,Sandoval County,10740,"Albuquerque, NM",922296
NM,Santa Fe County,42140,"Santa Fe, NM",155956
NM,Torrance County,10740,"Albuquerque, NM",922296
NM,Valencia County,10740,"Albuquerque, NM",922296
NV,Carson City,16180,"Carson City, NV",58036
NV,Clark County,29820,"Las Vegas-Henderson-North Las Vegas, NV",2336573
NV,Lyon County,39900,"Reno, NV",564782
NV,Storey County,39900,"Reno, NV",564782
NV,Washoe County,39900,"Reno, NV",564782
NY,Albany County,10580,"Albany-Schenectady-Troy, NY",904682
NY,Bronx County,35620,"New York-Newark-Jersey City, NY-NJ",19498249
NY,Broome County,13780,"Binghamton, NY",243792
NY,Chemung County,21300,"Elmira, NY",81325
NY,Dutchess County,28880,"Kiryas Joel-Poughkeepsie-Newburgh, NY",704620
NY,Erie County,15380,"Buffalo-Cheektowaga, NY",1155604
NY,Herkimer County,46540,"Utica-Rome, NY",287039
NY,Jefferson County,48060,"Watertown-Fort Drum, NY",114787
NY,Kings County,35620,"New York-Newark-Jersey City, NY-NJ",19498249
NY,Livingston County,40380,"Rochester, NY",1052087
NY,Madison County,45060,"Syracuse, NY",652956
NY,Monroe County,40380,"Rochester, NY",1052087
NY,Nassau County,35620,"New York-Newark-Jersey City, NY-NJ",19498249
NY,New York County,35620,"New York-Newark-Jersey City, NY-NJ",19498249
NY,Niagara County,15380,"Buffalo-Cheektowaga, NY",1155604
NY,Oneida County,46540,"Utica-Rome, NY",287039
NY,Onondaga County,45060,"Syracuse, NY",652956
NY,Ontario County,40380,"Rochester, NY",1052087
NY,Orange County,28880,"Kiryas Joel-Poughkeepsie-Newburgh, NY",704620
NY,Orleans County,40380,"Rochester, NY",1052087
NY,Oswego County,45060,"Syracuse, NY",652956
NY,Putnam County,35620,"New York-Newark-Jersey City, NY-NJ",19498249
NY,Queens County,35620,"New York-Newark-Jersey City, NY-NJ",19498249
NY,Rensselaer County,10580,"Albany-Schenectady-Troy, NY",904682
NY,Richmond County,35620,"New York-Newark-Jersey City, NY-NJ",19498249
NY,Rockland County,35620,"New York-Newark-Jersey City, NY-NJ",19498249
NY,Saratoga County,10580,"Albany-Schenectady-Troy, NY",904682
NY,Schenectady County,10580,"Albany-Schenectady-Troy, NY",904682
NY,Schoharie County,10580,"Albany-Schenectady-Troy, NY",904682
NY,Suffolk County,35620,"New York-Newark-Jersey City, NY-NJ",19498249
NY,Tioga County,13780,"Binghamton, NY",243792
NY,Tompkins County,27060,"Ithaca, NY",103558
NY,Ulster County,28740,"Kingston, NY",182333
NY,Warren County,24020,"Glens Falls, NY",125427
NY,Washington County,24020,"Glens Falls, NY",125427
NY,Wayne County,40380,"Rochester, NY",1052087
NY,Westchester County,35620,"New York-Newark-Jersey City, NY-NJ",19498249
OH,Allen County,30620,"Lima, OH",100838
OH,Ashtabula County,17410,"Cleveland, OH",2158932
OH,Belmont County,48540,"Wheeling, WV-OH",135517
OH,Brown County,17140,"Cincinnati, OH-KY-IN",2271479
OH,Butler County,17140,"Cincinnati, OH-KY-IN",2271479
OH,Carroll County,15940,"Canton-Massillon, OH",399474
OH,Clark County,44220,"Springfield, OH",134610
OH,Clermont County,17140,"Cincinnati, OH-KY-IN",2271479
OH,Cuyahoga County,17410,"Cleveland, OH",2158932
OH,Delaware County,18140,"Columbus, OH",2180271
OH,Erie County,41780,"Sandusky, OH",113838
OH,Fairfield County,18140,"Columbus, OH",2180271
OH,Franklin County,18140,"Columbus, OH",2180271
OH,Fulton County,45780,"Toledo, OH",600141
OH,Geauga County,17410,"Cleveland, OH",2158932
OH,Greene County,19430,"Dayton-Kettering-Beavercreek, OH",814363
OH,Hamilton County,17140,"Cincinnati, OH-KY-IN",2271479
OH,Hocking County,18140,"Columbus, OH",2180271
OH,Jefferson County,48260,"Weirton-Steubenville, WV-OH",113544
OH,Lake County,17410,"Cleveland, OH",2158932
OH,Lawrence County,26580,"Huntington-Ashland, WV-KY-OH",368261
OH,Licking County,18140,"Columbus, OH",2180271
OH,Lorain County,17410,"Cleveland, OH",2158932
OH,Lucas County,45780,"Toledo, OH",600141
OH,Madison County,18140,"Columbus, OH",2180271
OH,Mahoning County,49660,"Youngstown-Warren, OH",425969
OH,Medina County,17410,"Cleveland, OH",2158932
OH,Miami County,19430,"Dayton-Kettering-Beavercreek, OH",814363
OH,Montgomery County,19430,"Dayton-Kettering-Beavercreek, OH",814363
OH,Morrow County,18140,"Columbus, OH",2180271
OH,Ottawa County,41780,"Sandusky, OH",113838
OH,Perry County,18140,"Columbus, OH",2180271
OH,Pickaway County,18140,"Columbus, OH",2180271
OH,Portage County,10420,"Akron, OH",698398
OH,Richland County,31900,"Mansfield, OH",125064
OH,Stark County,15940,"Canton-Massillon, OH",399474
OH,Summit County,10420,"Akron, OH",698398
OH,Trumbull County,49660,"Youngstown-Warren, OH",425969
OH,Union County,18140,"Columbus, OH",2180271
OH,Warren County,17140,"Cincinnati, OH-KY-IN",2271479
OH,Wood County,45780,"Toledo, OH",600141
OK,Canadian County,36420,"Oklahoma City, OK",1477926
OK,Cleveland County,36420,"Oklahoma City, OK",1477926
OK,Comanche County,30020,"Lawton, OK",127001
OK,Cotton County,30020,"Lawton, OK",127001
OK,Creek County,46140,"Tulsa, OK",1044757
OK,Garfield County,21420,"Enid, OK",62023
OK,Grady County,36420,"Oklahoma City, OK",1477926
OK,Lincoln County,36420,"Oklahoma City, OK",1477926
OK,Logan County,36420,"Oklahoma City, OK",1477926
OK,McClain County,36420,"Oklahoma City, OK",1477926
OK,Oklahoma County,36420,"Oklahoma City, OK",1477926
OK,Okmulgee County,46140,"Tulsa, OK",1044757
OK,Osage County,46140,"Tulsa, OK",1044757
OK,Pawnee County,46140,"Tulsa, OK",1044757
OK,Rogers County,46140,"Tulsa, OK",1044757
OK,Sequoyah County,22900,"Fort Smith, AR-OK",231280
OK,Tulsa County,46140,"Tulsa, OK",1044757
OK,Wagoner County,46140,"Tulsa, OK",1044757
OR,Benton County,18700,"Corvallis, OR",97713
OR,Clackamas County,38900,"Portland-Vancouver-Hillsboro, OR-WA",2508050
OR,Columbia County,38900,"Portland-Vancouver-Hillsboro, OR-WA",2508050
OR,Crook County,13460,"Bend, OR",260919
OR,Deschutes County,13460,"Bend, OR",260919
OR,Jackson County,32780,"Medford, OR",220768
OR,Jefferson County,13460,"Bend, OR",260919
OR,Josephine County,24420,"Grants Pass, OR",87821
OR,Lane County,21660,"Eugene-Springfield, OR",381181
OR,Linn County,10540,"Albany, OR",131496
OR,Marion County,41420,"Salem, OR",436546
OR,Multnomah County,38900,"Portland-Vancouver-Hillsboro, OR-WA",2508050
OR,Polk County,41420,"Salem, OR",436546
OR,Washington County,38900,"Portland-Vancouver-Hillsboro, OR-WA",2508050
OR,Yamhill County,38900,"Portland-Vancouver-Hillsboro, OR-WA",2508050
PA,Adams County,23900,"Gettysburg, PA",106748
PA,Allegheny County,38300,"Pittsburgh, PA",2422725
PA,Armstrong County,38300,"Pittsburgh, PA",2422725
PA,Beaver County,38300,"Pittsburgh, PA",2422725
PA,Berks County,39740,"Reading, PA",432821
PA,Blair County,11020,"Altoona, PA",120273
PA,Bucks County,37980,"Philadelphia-Camden-Wilmington, PA-NJ-DE-MD",6246160
PA,Butler County,38300,"Pittsburgh, PA",2422725
PA,Cambria County,27780,"Johnstown, PA",130668
PA,Carbon County,10900,"Allentown-Bethlehem-Easton, PA-NJ",873555
PA,Centre County,44300,"State College, PA",157795
PA,Chester County,37980,"Philadelphia-Camden-Wilmington, PA-NJ-DE-MD",6246160
PA,Cumberland County,25420,"Harrisburg-Carlisle, PA",606055
PA,Dauphin County,25420,"Harrisburg-Carlisle, PA",606055
PA,Delaware County,37980,"Philadelphia-Camden-Wilmington, PA-NJ-DE-MD",6246160
PA,Erie County,21500,"Erie, PA",267571
PA,Fayette County,38300,"Pittsburgh, PA",2422725
PA,Franklin County,16540,"Chambersburg, PA",157854
PA,Lackawanna County,42540,"Scranton--Wilkes-Barre, PA",569413
PA,Lancaster County,29540,"Lancaster, PA",558589
PA,Lawrence County,38300,"Pittsburgh, PA",2422725
PA,Lebanon County,30140,"Lebanon, PA",144252
PA,Lehigh County,10900,"Allentown-Bethlehem-Easton, PA-NJ",873555
PA,Luzerne County,42540,"Scranton--Wilkes-Barre, PA",569413
PA,Lycoming County,48700,"Williamsport, PA",112724
PA,Montgomery County,37980,"Philadelphia-Camden-Wilmington, PA-NJ-DE-MD",6246160
PA,Northampton County,10900,"Allentown-Bethlehem-Easton, PA-NJ",873555
PA,Perry County,25420,"Harrisburg-Carlisle, PA",606055
PA,Philadelphia County,37980,"Philadelphia-Camden-Wilmington, PA-NJ-DE-MD",6246160
PA,Washington County,38300,"Pittsburgh, PA",2422725
PA,Westmoreland County,38300,"Pittsburgh, PA",2422725
PA,Wyoming County,42540,"Scranton--Wilkes-Barre, PA",569413
PA,York County,49620,"York-Hanover, PA",464640
RI,Bristol County,39300,"Providence-Warwick, RI-MA",1677803
RI,Kent County,39300,"Providence-Warwick, RI-MA",1677803
RI,Newport County,39300,"Providence-Warwick, RI-MA",1677803
RI,Providence County,39300,"Providence-Warwick, RI-MA",1677803
RI,Washington County,39300,"Providence-Warwick, RI-MA",1677803
SC,Aiken County,12260,"Augusta-Richmond County, GA-SC",629429
SC,Anderson County,24860,"Greenville-Anderson-Greer, SC",975480
SC,Beaufort County,25940,"Hilton Head Island-Bluffton-Port Royal, SC",232523
SC,Berkeley County,16700,"Charleston-North Charleston, SC",849417
SC,Calhoun County,17900,"Columbia, SC",858302
SC,Charleston County,16700,"Charleston-North Charleston, SC",849417
SC,Chester County,16740,"Charlotte-Concord-Gastonia, NC-SC",2805115
SC,Darlington County,22500,"Florence, SC",199630
SC,Dorchester County,16700,"Charleston-North Charleston, SC",849417
SC,Edgefield County,12260,"Augusta-Richmond County, GA-SC",629429
SC,Fairfield County,17900,"Columbia, SC",858302
SC,Florence County,22500,"Florence, SC",199630
SC,Greenville County,24860,"Greenville-Anderson-Greer, SC",975480
SC,Horry County,34820,"Myrtle Beach-Conway-North Myrtle Beach, SC",397478
SC,Jasper County,25940,"Hilton Head Island-Bluffton-Port Royal, SC",232523
SC,Kershaw County,17900,"Columbia, SC",858302
SC,Lancaster County,16740,"Charlotte-Concord-Gastonia, NC-SC",2805115
SC,Laurens County,24860,"Greenville-Anderson-Greer, SC",975480
SC,Lexington County,17900,"Columbia, SC",858302
SC,Pickens County,24860,"Greenville-Anderson-Greer, SC",975480
SC,Richland County,17900,"Columbia, SC",858302
SC,Saluda County,17900,"Columbia, SC",858302
SC,Spartanburg County,43900,"Spartanburg, SC",383327
SC,Sumter County,44940,"Sumter, SC",104165
SC,Union County,43900,"Spartanburg, SC",383327
SC,York County,16740,"Charlotte-Concord-Gastonia, NC-SC",2805115
SD,Custer County,39660,"Rapid City, SD",155974
SD,Lincoln County,43620,"Sioux Falls, SD-MN",304555
SD,McCook County,43620,"Sioux Falls, SD-MN",304555
SD,Meade County,39660,"Rapid City, SD",155974
SD,Minnehaha County,43620,"Sioux Falls, SD-MN",304555
SD,Pennington County,39660,"Rapid City, SD",155974
SD,Turner County,43620,"Sioux Falls, SD-MN",304555
SD,Union County,43580,"Sioux City, IA-NE-SD",144402
TN,Anderson County,28940,"Knoxville, TN",946264
TN,Blount County,28940,"Knoxville, TN",946264
TN,Bradley County,17420,"Cleveland, TN",129612
TN,Campbell County,28940,"Knoxville, TN",946264
TN,Cannon County,34980,"Nashville-Davidson--Murfreesboro--Franklin, TN",2102573
TN,Carter County,27740,"Johnson City, TN",213198
TN,Cheatham County,34980,"Nashville-Davidson--Murfreesboro--Franklin, TN",2102573
TN,Chester County,27180,"Jackson, TN",181826
TN,Crockett County,27180,"Jackson, TN",181826
TN,Davidson County,34980,"Nashville-Davidson--Murfreesboro--Franklin, TN",2102573
TN,Dickson County,34980,"Nashville-Davidson--Murfreesboro--Franklin, TN",2102573
TN,Fayette County,32820,"Memphis, TN-MS-AR",1335674
TN,Gibson County,27180,"Jackson, TN",181826
TN,Grainger County,28940,"Knoxville, TN",946264
TN,Hamblen County,34100,"Morristown, TN",124054
TN,Hamilton County,16860,"Chattanooga, TN-GA",580971
TN,Hawkins County,28700,"Kingsport-Bristol, TN-VA",313025
TN,Hickman County,34980,"Nashville-Davidson--Murfreesboro--Franklin, TN",2102573
TN,Jefferson County,34100,"Morristown, TN",124054
TN,Knox County,28940,"Knoxville, TN",946264
TN,Loudon County,28940,"Knoxville, TN",946264
TN,Macon County,34980,"Nashville-Davidson--Murfreesboro--Franklin, TN",2102573
TN,Madison County,27180,"Jackson, TN",181826
TN,Marion County,16860,"Chattanooga, TN-GA",580971
TN,Maury County,34980,"Nashville-Davidson--Murfreesboro--Franklin, TN",2102573
TN,Montgomery County,17300,"Clarksville, TN-KY",340495
TN,Morgan County,28940,"Knoxville, TN",946264
TN,Polk County,17420,"Cleveland, TN",129612
TN,Roane County,28940,"Knoxville, TN",946264
TN,Robertson County,34980,"Nashville-Davidson--Murfreesboro--Franklin, TN",2102573
TN,Rutherford County,34980,"Nashville-Davidson--Murfreesboro--Franklin, TN",2102573
TN,Sequatchie County,16860,"Chattanooga, TN-GA",580971
TN,Shelby County,32820,"Memphis, TN-MS-AR",1335674
TN,Smith County,34980,"Nashville-Davidson--Murfreesboro--Franklin, TN",2102573
TN,Stewart County,17300,"Clarksville, TN-KY",340495
TN,Sullivan County,28700,"Kingsport-Bristol, TN-VA",313025
TN,Sumner County,34980,"Nashville-Davidson--Murfreesboro--Franklin, TN",2102573
TN,Tipton County,32820,"Memphis, TN-MS-AR",1335674
TN,Trousdale County,34980,"Nashville-Davidson--Murfreesboro--Franklin, TN",2102573
TN,Unicoi County,27740,"Johnson City, TN",213198
TN,Union County,28940,"Knoxville, TN",946264
TN,Washington County,27740,"Johnson City, TN",213198
TN,Williamson County,34980,"Nashville-Davidson--Murfreesboro--Franklin, TN",2102573
TN,Wilson County,34980,"Nashville-Davidson--Murfreesboro--Franklin, TN",2102573
TX,Aransas County,18580,"Corpus Christi, TX",448323
TX,Archer County,48660,"Wichita Falls, TX",149947
TX,Armstrong County,11100,"Amarillo, TX",272395
TX,Atascosa County,41700,"San Antonio-New Braunfels, TX",2703999
TX,Austin County,26420,"Houston-Pasadena-The Woodlands, TX",7510253
TX,Bandera County,41700,"San Antonio-New Braunfels, TX",2703999
TX,Bastrop County,12420,"Austin-Round Rock-San Marcos, TX",2473275
TX,Bell County,28660,"Killeen-Temple, TX",501333
TX,Bexar County,41700,"San Antonio-New Braunfels, TX",2703999
TX,Bosque County,47380,"Waco, TX",304865
TX,Bowie County,45500,"Texarkana, TX-AR",145907
TX,Brazoria County,26420,"Houston-Pasadena-The Woodlands, TX",7510253
TX,Brazos County,17780,"College Station-Bryan, TX",281445
TX,Burleson County,17780,"College Station-Bryan, TX",281445
TX,Caldwell County,12420,"Austin-Round Rock-San Marcos, TX",2473275
TX,Callahan County,10180,"Abilene, TX",181591
TX,Cameron County,15180,"Brownsville-Harlingen, TX",426710
TX,Carson County,11100,"Amarillo, TX",272395
TX,Chambers County,26420,"Houston-Pasadena-The Woodlands, TX",7510253
TX,Clay County,48660,"Wichita Falls, TX",149947
TX,Cochran County,31180,"Lubbock, TX",360104
TX,Collin County,19100,"Dallas-Fort Worth-Arlington, TX",8100037
TX,Comal County,41700,"San Antonio-New Braunfels, TX",2703999
TX,Coryell County,28660,"Killeen-Temple, TX",501333
TX,Crosby County,31180,"Lubbock, TX",360104
TX,Dallas County,19100,"Dallas-Fort Worth-Arlington, TX",8100037
TX,Denton County,19100,"Dallas-Fort Worth-Arlington, TX",8100037
TX,Ector County,36220,"Odessa, TX",164494
TX,El Paso County,21340,"El Paso, TX",873331
TX,Ellis County,19100,"Dallas-Fort Worth-Arlington, TX",8100037
TX,Falls County,47380,"Waco, TX",304865
TX,Fort Bend County,26420,"Houston-Pasadena-The Woodlands, TX",7510253
TX,Galveston County,26420,"Houston-Pasadena-The Woodlands, TX",7510253
TX,Garza County,31180,"Lubbock, TX",360104
TX,Goliad County,47020,"Victoria, TX",98808
TX,Grayson County,43300,"Sherman-Denison, TX",146907
TX,Gregg County,30980,"Longview, TX",293498
TX,Guadalupe County,41700,"San Antonio-New Braunfels, TX",2703999
TX,Hardin County,13140,"Beaumont-Port Arthur, TX",395479
TX,Harris County,26420,"Houston-Pasadena-The Woodlands, TX",7510253
TX,Harrison County,30980,"Longview, TX",293498
TX,Hays County,12420,"Austin-Round Rock-San Marcos, TX",2473275
TX,Hidalgo County,32580,"McAllen-Edinburg-Mission, TX",898471
TX,Hockley County,31180,"Lubbock, TX",360104
TX,Hudspeth County,21340,"El Paso, TX",873331
TX,Hunt County,19100,"Dallas-Fort Worth-Arlington, TX",8100037
TX,Irion County,41660,"San Angelo, TX",120606
TX,Jefferson County,13140,"Beaumont-Port Arthur, TX",395479
TX,Johnson County,19100,"Dallas-Fort Worth-Arlington, TX",8100037
TX,Jones County,10180,"Abilene, TX",181591
TX,Kaufman County,19100,"Dallas-Fort Worth-Arlington, TX",8100037
TX,Kendall County,41700,"San Antonio-New Braunfels, TX",2703999
TX,Lampasas County,28660,"Killeen-Temple, TX",501333
TX,Liberty County,26420,"Houston-Pasadena-The Woodlands, TX",7510253
TX,Lubbock County,31180,"Lubbock, TX",360104
TX,Lynn County,31180,"Lubbock, TX",360104
TX,Martin County,33260,"Midland, TX",182324
TX,Maverick County,20580,"Eagle Pass, TX",57762
TX,McLennan County,47380,"Waco, TX",304865
TX,Medina County,41700,"San Antonio-New Braunfels, TX",2703999
TX,Midland County,33260,"Midland, TX",182324
TX,Montgomery County,26420,"Houston-Pasadena-The Woodlands, TX",7510253
TX,Nueces County,18580,"Corpus Christi, TX",448323
TX,Oldham County,11100,"Amarillo, TX",272395
TX,Orange County,13140,"Beaumont-Port Arthur, TX",395479
TX,Parker County,19100,"Dallas-Fort Worth-Arlington, TX",8100037
TX,Potter County,11100,"Amarillo, TX",272395
TX,Randall County,11100,"Amarillo, TX",272395
TX,Robertson County,17780,"College Station-Bryan, TX",281445
TX,Rockwall County,19100,"Dallas-Fort Worth-Arlington, TX",8100037
TX,Rusk County,30980,"Longview, TX",293498
TX,San Jacinto County,26420,"Houston-Pasadena-The Woodlands, TX",7510253
TX,San Patricio County,18580,"Corpus Christi, TX",448323
TX,Smith County,46340,"Tyler, TX",245209
TX,Tarrant County,19100,"Dallas-Fort Worth-Arlington, TX",8100037
TX,Taylor County,10180,"Abilene, TX",181591
TX,Tom Green County,41660,"San Angelo, TX",120606
TX,Travis County,12420,"Austin-Round Rock-San Marcos, TX",2473275
TX,Upshur County,30980,"Longview, TX",293498
TX,Victoria County,47020,"Victoria, TX",98808
TX,Waller County,26420,"Houston-Pasadena-The Woodlands, TX",7510253
TX,Webb County,29700,"Laredo, TX",269148
TX,Wichita County,48660,"Wichita Falls, TX",149947
TX,Williamson County,12420,"Austin-Round Rock-San Marcos, TX",2473275
TX,Wilson County,41700,"San Antonio-New Braunfels, TX",2703999
TX,Wise County,19100,"Dallas-Fort Worth-Arlington, TX",8100037
UT,Cache County,30860,"Logan, UT-ID",157887
UT,Davis County,36260,"Ogden, UT",658133
UT,Juab County,39340,"Provo-Orem-Lehi, UT",732197
UT,Morgan County,36260,"Ogden, UT",658133
UT,Salt Lake County,41620,"Salt Lake City-Murray, UT",1267864
UT,Tooele County,41620,"Salt Lake City-Murray, UT",1267864
UT,Utah County,39340,"Provo-Orem-Lehi, UT",732197
UT,Washington County,41100,"St. George, UT",202452
UT,Weber County,36260,"Ogden, UT",658133
VA,Albemarle County,16820,"Charlottesville, VA",225127
VA,Alexandria city,47900,"Washington-Arlington-Alexandria, DC-VA-MD-WV",6304975
VA,Amelia County,40060,"Richmond, VA",1349732
VA,Amherst County,31340,"Lynchburg, VA",264590
VA,Appomattox County,31340,"Lynchburg, VA",264590
VA,Arlington County,47900,"Washington-Arlington-Alexandria, DC-VA-MD-WV",6304975
VA,Augusta County,44420,"Staunton-Stuarts Draft, VA",127344
VA,Bedford County,31340,"Lynchburg, VA",264590
VA,Botetourt County,40220,"Roanoke, VA",314314
VA,Bristol city,28700,"Kingsport-Bristol, TN-VA",313025
VA,Campbell County,31340,"Lynchburg, VA",264590
VA,Charles City County,40060,"Richmond, VA",1349732
VA,Charlottesville city,16820,"Charlottesville, VA",225127
VA,Chesapeake city,47260,"Virginia Beach-Chesapeake-Norfolk, VA-NC",1787169
VA,Chesterfield County,40060,"Richmond, VA",1349732
VA,Clarke County,47900,"Washington-Arlington-Alexandria, DC-VA-MD-WV",6304975
VA,Colonial Heights city,40060,"Richmond, VA",1349732
VA,Craig County,40220,"Roanoke, VA",314314
VA,Culpeper County,47900,"Washington-Arlington-Alexandria, DC-VA-MD-WV",6304975
VA,Dinwiddie County,40060,"Richmond, VA",1349732
VA,Fairfax County,47900,"Washington-Arlington-Alexandria, DC-VA-MD-WV",6304975
VA,Fairfax city,47900,"Washington-Arlington-Alexandria, DC-VA-MD-WV",6304975
VA,Falls Church city,47900,"Washington-Arlington-Alexandria, DC-VA-MD-WV",6304975
VA,Fauquier County,47900,"Washington-Arlington-Alexandria, DC-VA-MD-WV",6304975
VA,Floyd County,13980,"Blacksburg-Christiansburg-Radford, VA",181428
VA,Fluvanna County,16820,"Charlottesville, VA",225127
VA,Franklin County,40220,"Roanoke, VA",314314
VA,Frederick County,49020,"Winchester, VA-WV",147260
VA,Fredericksburg city,47900,"Washington-Arlington-Alexandria, DC-VA-MD-WV",6304975
VA,Giles County,13980,"Blacksburg-Christiansburg-Radford, VA",181428
VA,Gloucester County,47260,"Virginia Beach-Chesapeake-Norfolk, VA-NC",1787169
VA,Goochland County,40060,"Richmond, VA",1349732
VA,Greene County,16820,"Charlottesville, VA",225127
VA,Hampton city,47260,"Virginia Beach-Chesapeake-Norfolk, VA-NC",1787169
VA,Hanover County,40060,"Richmond, VA",1349732
VA,Harrisonburg city,25500,"Harrisonburg, VA",137650
VA,Henrico County,40060,"Richmond, VA",1349732
VA,Hopewell city,40060,"Richmond, VA",1349732
VA,Isle of Wight County,47260,"Virginia Beach-Chesapeake-Norfolk, VA-NC",1787169
VA,James City County,47260,"Virginia Beach-Chesapeake-Norfolk, VA-NC",1787169
VA,King William County,40060,"Richmond, VA",1349732
VA,King and Queen County,40060,"Richmond, VA",1349732
VA,Loudoun County,47900,"Washington-Arlington-Alexandria, DC-VA-MD-WV",6304975
VA,Lynchburg city,31340,"Lynchburg, VA",264590
VA,Manassas Park city,47900,"Washington-Arlington-Alexandria, DC-VA-MD-WV",6304975
VA,Manassas city,47900,"Washington-Arlington-Alexandria, DC-VA-MD-WV",6304975
VA,Mathews County,47260,"Virginia Beach-Chesapeake-Norfolk, VA-NC",1787169
VA,Montgomery County,13980,"Blacksburg-Christiansburg-Radford, VA",181428
VA,Nelson County,16820,"Charlottesville, VA",225127
VA,New Kent County,40060,"Richmond, VA",1349732
VA,Newport News city,47260,"Virginia Beach-Chesapeake-Norfolk, VA-NC",1787169
VA,Norfolk city,47260,"Virginia Beach-Chesapeake-Norfolk, VA-NC",1787169
VA,Petersburg city,40060,"Richmond, VA",1349732
VA,Poquoson city,47260,"Virginia Beach-Chesapeake-Norfolk, VA-NC",1787169
VA,Portsmouth city,47260,"Virginia Beach-Chesapeake-Norfolk, VA-NC",1787169
VA,Powhatan County,40060,"Richmond, VA",1349732
VA,Prince George County,40060,"Richmond, VA",1349732
VA,Prince William County,47900,"Washington-Arlington-Alexandria, DC-VA-MD-WV",6304975
VA,Pulaski County,13980,"Blacksburg-Christiansburg-Radford, VA",181428
VA,Radford city,13980,"Blacksburg-Christiansburg-Radford, VA",181428
VA,Rappahannock County,47900,"Washington-Arlington-Alexandria, DC-VA-MD-WV",6304975
VA,Richmond city,40060,"Richmond, VA",1349732
VA,Roanoke County,40220,"Roanoke, VA",314314
VA,Roanoke city,40220,"Roanoke, VA",314314
VA,Rockingham County,25500,"Harrisonburg, VA",137650
VA,Salem city,40220,"Roanoke, VA",314314
VA,Scott County,28700,"Kingsport-Bristol, TN-VA",313025
VA,Spotsylvania County,47900,"Washington-Arlington-Alexandria, DC-VA-MD-WV",6304975
VA,Stafford County,47900,"Washington-Arlington-Alexandria, DC-VA-MD-WV",6304975
VA,Staunton city,44420,"Staunton-Stuarts Draft, VA",127344
VA,Suffolk city,47260,"Virginia Beach-Chesapeake-Norfolk, VA-NC",1787169
VA,Surry County,47260,"Virginia Beach-Chesapeake-Norfolk, VA-NC",1787169
VA,Sussex County,40060,"Richmond, VA",1349732
VA,Virginia Beach city,47260,"Virginia Beach-Chesapeake-Norfolk, VA-NC",1787169
VA,Warren County,47900,"Washington-Arlington-Alexandria, DC-VA-MD-WV",6304975
VA,Washington County,28700,"Kingsport-Bristol, TN-VA",313025
VA,Waynesboro city,44420,"Staunton-Stuarts Draft, VA",127344
VA,Williamsburg city,47260,"Virginia Beach-Chesapeake-Norfolk, VA-NC",1787169
VA,Winchester city,49020,"Winchester, VA-WV",147260
VA,York County,47260,"Virginia Beach-Chesapeake-Norfolk, VA-NC",1787169
VT,Chittenden County,15540,"Burlington-South Burlington, VT",227942
VT,Franklin County,15540,"Burlington-South Burlington, VT",227942
VT,Grand Isle County,15540,"Burlington-South Burlington, VT",227942
WA,Asotin County,30300,"Lewiston, ID-WA",65536
WA,Benton County,28420,"Kennewick-Richland, WA",314253
WA,Chelan County,48300,"Wenatchee-East Wenatchee, WA",124795
WA,Clark County,38900,"Portland-Vancouver-Hillsboro, OR-WA",2508050
WA,Cowlitz County,31020,"Longview-Kelso, WA",112864
WA,Douglas County,48300,"Wenatchee-East Wenatchee, WA",124795
WA,Franklin County,28420,"Kennewick-Richland, WA",314253
WA,King County,42660,"Seattle-Tacoma-Bellevue, WA",4044837
WA,Kitsap County,14740,"Bremerton-Silverdale-Port Orchard, WA",277658
WA,Pierce County,42660,"Seattle-Tacoma-Bellevue, WA",4044837
WA,Skagit County,34580,"Mount Vernon-Anacortes, WA",131417
WA,Skamania County,38900,"Portland-Vancouver-Hillsboro, OR-WA",2508050
WA,Snohomish County,42660,"Seattle-Tacoma-Bellevue, WA",4044837
WA,Spokane County,44060,"Spokane-Spokane Valley, WA",600292
WA,Stevens County,44060,"Spokane-Spokane Valley, WA",600292
WA,Thurston County,36500,"Olympia-Lacey-Tumwater, WA",299003
WA,Walla Walla County,47460,"Walla Walla, WA",61568
WA,Whatcom County,13380,"Bellingham, WA",231919
WA,Yakima County,49420,"Yakima, WA",256643
WI,Brown County,24580,"Green Bay, WI",331882
WI,Calumet County,11540,"Appleton, WI",246433
WI,Chippewa County,20740,"Eau Claire, WI",174873
WI,Columbia County,31540,"Madison, WI",694345
WI,Dane County,31540,"Madison, WI",694345
WI,Douglas County,20260,"Duluth, MN-WI",281603
WI,Eau Claire County,20740,"Eau Claire, WI",174873
WI,Fond du Lac County,22540,"Fond du Lac, WI",103948
WI,Green County,31540,"Madison, WI",694345
WI,Iowa County,31540,"Madison, WI",694345
WI,Kenosha County,28450,"Kenosha, WI",167488
WI,Kewaunee County,24580,"Green Bay, WI",331882
WI,La Crosse County,29100,"La Crosse-Onalaska, WI-MN",170238
WI,Marathon County,48140,"Wausau, WI",138612
WI,Milwaukee County,33340,"Milwaukee-Waukesha, WI",1560424
WI,Oconto County,24580,"Green Bay, WI",331882
WI,Outagamie County,11540,"Appleton, WI",246433
WI,Ozaukee County,33340,"Milwaukee-Waukesha, WI",1560424
WI,Pierce County,33460,"Minneapolis-St. Paul-Bloomington, MN-WI",3712020
WI,Racine County,39540,"Racine-Mount Pleasant, WI",196613
WI,Rock County,27500,"Janesville-Beloit, WI",164278
WI,Sheboygan County,43100,"Sheboygan, WI",117752
WI,St. Croix County,33460,"Minneapolis-St. Paul-Bloomington, MN-WI",3712020
WI,Vernon County,29100,"La Crosse-Onalaska, WI-MN",170238
WI,Washington County,33340,"Milwaukee-Waukesha, WI",1560424
WI,Waukesha County,33340,"Milwaukee-Waukesha, WI",1560424
WI,Winnebago County,36780,"Oshkosh-Neenah, WI",171735
WV,Berkeley County,25180,"Hagerstown-Martinsburg, MD-WV",305902
WV,Boone County,16620,"Charleston, WV",203164
WV,Brooke County,48260,"Weirton-Steubenville, WV-OH",113544
WV,Cabell County,26580,"Huntington-Ashland, WV-KY-OH",368261
WV,Clay County,16620,"Charleston, WV",203164
WV,Fayette County,13220,"Beckley, WV",111428
WV,Hampshire County,49020,"Winchester, VA-WV",147260
WV,Hancock County,48260,"Weirton-Steubenville, WV-OH",113544
WV,Jefferson County,47900,"Washington-Arlington-Alexandria, DC-VA-MD-WV",6304975
WV,Kanawha County,16620,"Charleston, WV",203164
WV,Marshall County,48540,"Wheeling, WV-OH",135517
WV,Monongalia County,34060,"Morgantown, WV",141817
WV,Morgan County,25180,"Hagerstown-Martinsburg, MD-WV",305902
WV,Ohio County,48540,"Wheeling, WV-OH",135517
WV,Preston County,34060,"Morgantown, WV",141817
WV,Putnam County,26580,"Huntington-Ashland, WV-KY-OH",368261
WV,Raleigh County,13220,"Beckley, WV",111428
WV,Wayne County,26580,"Huntington-Ashland, WV-KY-OH",368261
WV,Wirt County,37620,"Parkersburg-Vienna, WV",88052
WV,Wood County,37620,"Parkersburg-Vienna, WV",88052
WY,Laramie County,16940,"Cheyenne, WY",100984
WY,Natrona County,16220,"Casper, WY",79941
